"Time","data"
2022-07-18 18:03:00,71.58429950000001
2022-07-18 18:04:00,230.14999805759805
2022-07-18 18:05:00,324.9565217391304
2022-07-18 18:06:00,324.0173913043478
2022-07-18 18:07:00,309.0782608695652
2022-07-18 18:08:00,291.40869565217395
2022-07-18 18:09:00,300.6521739130435
2022-07-18 18:10:00,308.1391304347826
2022-07-18 18:11:00,306.0782608695652
2022-07-18 18:12:00,298.4695652173913
2022-07-18 18:13:00,317.2782608695652
2022-07-18 18:14:00,328.9739130434782
2022-07-18 18:15:00,344.74782608695654
2022-07-18 18:16:00,341.5304347826087
2022-07-18 18:17:00,316.295652173913
2022-07-18 18:18:00,307.11304347826086
2022-07-18 18:19:00,299.0260869565217
2022-07-18 18:20:00,295.83478260869566
2022-07-18 18:21:00,302.2869565217391
2022-07-18 18:22:00,305.2
2022-07-18 18:23:00,293.65217391304344
2022-07-18 18:24:00,289.5043478260869
2022-07-18 18:25:00,285.7304347826087
2022-07-18 18:26:00,287.10434782608695
2022-07-18 18:27:00,304.0782608695652
2022-07-18 18:28:00,301.704347826087
2022-07-18 18:29:00,287.41739130434786
2022-07-18 18:30:00,288.0521739130435
2022-07-18 18:31:00,283
2022-07-18 18:32:00,280.39130434782606
2022-07-18 18:33:00,282.6695652173913
2022-07-18 18:34:00,291.97391304347826
2022-07-18 18:35:00,289.7391304347826
2022-07-18 18:36:00,286.5826086956522
2022-07-18 18:37:00,281.09565217391304
2022-07-18 18:38:00,297.4956521739131
2022-07-18 18:39:00,336.7826086956522
2022-07-18 18:40:00,368.93043478260864
2022-07-18 18:41:00,372
2022-07-18 18:42:00,391.7478260869565
2022-07-18 18:43:00,414.24347826086955
2022-07-18 18:44:00,396.6086956521739
2022-07-18 18:45:00,378.7652173913043
2022-07-18 18:46:00,368.31304347826085
2022-07-18 18:47:00,368.9043478260869
2022-07-18 18:48:00,342.4260869565217
2022-07-18 18:49:00,303.6260869565217
2022-07-18 18:50:00,306.86956521739125
2022-07-18 18:51:00,329.7217391304348
2022-07-18 18:52:00,327
2022-07-18 18:53:00,327.4347826086956
2022-07-18 18:54:00,332.5304347826087
2022-07-18 18:55:00,323.0869565217391
2022-07-18 18:56:00,314.11304347826086
2022-07-18 18:57:00,315.9304347826087
2022-07-18 18:58:00,308.0869565217391
2022-07-18 18:59:00,311.3304347826087
2022-07-18 19:00:00,309.1391304347826
2022-07-18 19:01:00,305.5478260869565
2022-07-18 19:02:00,364.90434782608696
2022-07-18 19:03:00,392.6869565217391
2022-07-18 19:04:00,362.75652173913045
2022-07-18 19:05:00,367.51085810984006
2022-07-18 19:06:00,371.7913043478261
2022-07-18 19:07:00,350.5652173913043
2022-07-18 19:08:00,347.96521739130435
2022-07-18 19:09:00,343.2695652173913
2022-07-18 19:10:00,327.8086956521739
2022-07-18 19:11:00,336.10434782608695
2022-07-18 19:12:00,343
2022-07-18 19:13:00,350.0695652173913
2022-07-18 19:14:00,356.3913043478261
2022-07-18 19:15:00,333.03478260869565
2022-07-18 19:16:00,296.7478260869565
2022-07-18 19:17:00,313.2173913043478
2022-07-18 19:18:00,317.2782608695652
2022-07-18 19:19:00,315.2173913043478
2022-07-18 19:20:00,329.10434782608695
2022-07-18 19:21:00,337.9304347826087
2022-07-18 19:22:00,314.9130434782609
2022-07-18 19:23:00,312.38260869565215
2022-07-18 19:24:00,317.1217391304348
2022-07-18 19:25:00,321.89565217391305
2022-07-18 19:26:00,355.30434782608694
2022-07-18 19:27:00,352.58260869565214
2022-07-18 19:28:00,322.30434782608694
2022-07-18 19:29:00,343.88695652173914
2022-07-18 19:30:00,364.0695652173913
2022-07-18 19:31:00,347.1391304347826
2022-07-18 19:32:00,315.495652173913
2022-07-18 19:33:00,294.4
2022-07-18 19:34:00,286.81739130434784
2022-07-18 19:35:00,287.0521739130435
2022-07-18 19:36:00,283.8521739130435
2022-07-18 19:37:00,304.2521739130435
2022-07-18 19:38:00,347.40869565217395
2022-07-18 19:39:00,340.30434782608694
2022-07-18 19:40:00,313.65217391304344
2022-07-18 19:41:00,304.2695652173913
2022-07-18 19:42:00,296.0608695652174
2022-07-18 19:43:00,297.0521739130435
2022-07-18 19:44:00,302.88695652173914
2022-07-18 19:45:00,289.95652173913044
2022-07-18 19:46:00,286.6695652173913
2022-07-18 19:47:00,283.1217391304348
2022-07-18 19:48:00,281.31304347826085
2022-07-18 19:49:00,311.97391304347826
2022-07-18 19:50:00,350.68695652173915
2022-07-18 19:51:00,329.8086956521739
2022-07-18 19:52:00,305.9304347826087
2022-07-18 19:53:00,300.6434782608696
2022-07-18 19:54:00,290.9826086956522
2022-07-18 19:55:00,295.0869565217391
2022-07-18 19:56:00,296.6695652173913
2022-07-18 19:57:00,285.16521739130434
2022-07-18 19:58:00,283.4173913043478
2022-07-18 19:59:00,287.0608695652174
2022-07-18 20:00:00,283.9826086956522
2022-07-18 20:01:00,317.5652173913044
2022-07-18 20:02:00,329.704347826087
2022-07-18 20:03:00,307.24347826086955
2022-07-18 20:04:00,299.59999999999997
2022-07-18 20:05:00,297.66956521739127
2022-07-18 20:06:00,294.2782608695652
2022-07-18 20:07:00,289.6086956521739
2022-07-18 20:08:00,291.0086956521739
2022-07-18 20:09:00,283.9478260869565
2022-07-18 20:10:00,279.5739130434783
2022-07-18 20:11:00,274.4
2022-07-18 20:12:00,275.9913043478261
2022-07-18 20:13:00,291.96521739130435
2022-07-18 20:14:00,305.04347826086956
2022-07-18 20:15:00,295.5565217391304
2022-07-18 20:16:00,306.8086956521739
2022-07-18 20:17:00,310.8869565217391
2022-07-18 20:18:00,304.7391304347826
2022-07-18 20:19:00,311.6086956521739
2022-07-18 20:20:00,311.0695652173913
2022-07-18 20:21:00,309.25217391304346
2022-07-18 20:22:00,314.4173913043478
2022-07-18 20:23:00,308.4434782608696
2022-07-18 20:24:00,302.0782608695652
2022-07-18 20:25:00,312.3391304347826
2022-07-18 20:26:00,312.02608695652174
2022-07-18 20:27:00,294.495652173913
2022-07-18 20:28:00,278.9391304347826
2022-07-18 20:29:00,268.1913043478261
2022-07-18 20:30:00,269.3478260869565
2022-07-18 20:31:00,280.6
2022-07-18 20:32:00,280.0521739130435
2022-07-18 20:33:00,268.7739130434783
2022-07-18 20:34:00,269.69565217391306
2022-07-18 20:35:00,266.6086956521739
2022-07-18 20:36:00,272.09565217391304
2022-07-18 20:37:00,292.09565217391304
2022-07-18 20:38:00,292.6521739130435
2022-07-18 20:39:00,284.2782608695652
2022-07-18 20:40:00,281.2
2022-07-18 20:41:00,284.4
2022-07-18 20:42:00,281.26956521739135
2022-07-18 20:43:00,277.19999999999993
2022-07-18 20:44:00,274.90434782608696
2022-07-18 20:45:00,272.3565217391304
2022-07-18 20:46:00,275.0695652173913
2022-07-18 20:47:00,276.1217391304348
2022-07-18 20:48:00,287.9304347826087
2022-07-18 20:49:00,309.2173913043478
2022-07-18 20:50:00,305.9130434782609
2022-07-18 20:51:00,298.06086956521733
2022-07-18 20:52:00,299.83478260869566
2022-07-18 20:53:00,296.4869565217391
2022-07-18 20:54:00,301.7217391304348
2022-07-18 20:55:00,299.5304347826087
2022-07-18 20:56:00,291.37391304347824
2022-07-18 20:57:00,300.3652173913043
2022-07-18 20:58:00,303.75652173913045
2022-07-18 20:59:00,294.66956521739127
2022-07-18 21:00:00,295.10434782608695
2022-07-18 21:01:00,305.66086956521735
2022-07-18 21:02:00,291.2086956521739
2022-07-18 21:03:00,287.4869565217391
2022-07-18 21:04:00,289.71304347826083
2022-07-18 21:05:00,292.6869565217391
2022-07-18 21:06:00,291.4
2022-07-18 21:07:00,290.4434782608696
2022-07-18 21:08:00,285.9391304347826
2022-07-18 21:09:00,277.8608695652174
2022-07-18 21:10:00,290.4260869565218
2022-07-18 21:11:00,293.6782608695652
2022-07-18 21:12:00,292.55652173913046
2022-07-18 21:13:00,299.6695652173913
2022-07-18 21:14:00,295.1478260869565
2022-07-18 21:15:00,286.6782608695652
2022-07-18 21:16:00,288.6608695652174
2022-07-18 21:17:00,288.5391304347826
2022-07-18 21:18:00,301.4
2022-07-18 21:19:00,309.9913043478261
2022-07-18 21:20:00,303.0869565217391
2022-07-18 21:21:00,302.97391304347826
2022-07-18 21:22:00,309.0869565217391
2022-07-18 21:23:00,323.5478260869565
2022-07-18 21:24:00,345.1913043478261
2022-07-18 21:25:00,348.44347826086954
2022-07-18 21:26:00,339.4173913043478
2022-07-18 21:27:00,338.4347826086956
2022-07-18 21:28:00,333.90434782608696
2022-07-18 21:29:00,322.75652173913045
2022-07-18 21:30:00,310.5565217391304
2022-07-18 21:31:00,305
2022-07-18 21:32:00,303.3304347826087
2022-07-18 21:33:00,318.65217391304344
2022-07-18 21:34:00,310.3304347826087
2022-07-18 21:35:00,309.295652173913
2022-07-18 21:36:00,312.2086956521739
2022-07-18 21:37:00,315.96521739130435
2022-07-18 21:38:00,310.6695652173913
2022-07-18 21:39:00,309.35652173913047
2022-07-18 21:40:00,312.9478260869565
2022-07-18 21:41:00,307.7043478260869
2022-07-18 21:42:00,323.7391304347826
2022-07-18 21:43:00,319.9043478260869
2022-07-18 21:44:00,318.35652173913047
2022-07-18 21:45:00,336.10434782608695
2022-07-18 21:46:00,341.33391192435647
2022-07-18 21:47:00,348.88695652173914
2022-07-18 21:48:00,360.92173913043473
2022-07-18 21:49:00,343.8
2022-07-18 21:50:00,341.4260869565217
2022-07-18 21:51:00,347.52173913043475
2022-07-18 21:52:00,355.8521739130435
2022-07-18 21:53:00,356.3304347826087
2022-07-18 21:54:00,336.4782608695652
2022-07-18 21:55:00,315.295652173913
2022-07-18 21:56:00,295.90434782608696
2022-07-18 21:57:00,287.6
2022-07-18 21:58:00,276.25217391304346
2022-07-18 21:59:00,290.61739130434785
2022-07-18 22:00:00,316.96521739130435
2022-07-18 22:01:00,317.5478260869565
2022-07-18 22:02:00,316.6347826086956
2022-07-18 22:03:00,316.4347826086956
2022-07-18 22:04:00,301.8434782608695
2022-07-18 22:05:00,297.83478260869566
2022-07-18 22:06:00,293.88695652173914
2022-07-18 22:07:00,297.0695652173913
2022-07-18 22:08:00,302.45217391304345
2022-07-18 22:09:00,286.52173913043475
2022-07-18 22:10:00,280.9217391304348
2022-07-18 22:11:00,303.1217391304348
2022-07-18 22:12:00,320.23478260869564
2022-07-18 22:13:00,307.85217391304343
2022-07-18 22:14:00,305.25217391304346
2022-07-18 22:15:00,306.6086956521739
2022-07-18 22:16:00,302.8782608695652
2022-07-18 22:17:00,303.7217391304348
2022-07-18 22:18:00,307.9391304347826
2022-07-18 22:19:00,302.47826086956525
2022-07-18 22:20:00,310.46956521739133
2022-07-18 22:21:00,296.90434782608696
2022-07-18 22:22:00,280.9826086956522
2022-07-18 22:23:00,293.6347826086957
2022-07-18 22:24:00,304.2869565217391
2022-07-18 22:25:00,281.65217391304344
2022-07-18 22:26:00,278.2608695652174
2022-07-18 22:27:00,273.0695652173913
2022-07-18 22:28:00,274.52173913043475
2022-07-18 22:29:00,280.7043478260869
2022-07-18 22:30:00,275.69565217391306
2022-07-18 22:31:00,274.4608695652174
2022-07-18 22:32:00,270.6608695652174
2022-07-18 22:33:00,261.4695652173913
2022-07-18 22:34:00,261.9391304347826
2022-07-18 22:35:00,275.8434782608696
2022-07-18 22:36:00,273.79999999999995
2022-07-18 22:37:00,266.8608695652174
2022-07-18 22:38:00,276.88695652173914
2022-07-18 22:39:00,282.5478260869565
2022-07-18 22:40:00,272.95652173913044
2022-07-18 22:41:00,275.8608695652174
2022-07-18 22:42:00,268.2782608695652
2022-07-18 22:43:00,260.41739130434786
2022-07-18 22:44:00,265.7739130434783
2022-07-18 22:45:00,261.62608695652176
2022-07-18 22:46:00,276.17391304347825
2022-07-18 22:47:00,334.3652173913043
2022-07-18 22:48:00,371.9565217391304
2022-07-18 22:49:00,380.31304347826085
2022-07-18 22:50:00,353.60869565217394
2022-07-18 22:51:00,317.44347826086954
2022-07-18 22:52:00,301.1304347826087
2022-07-18 22:53:00,305.4260869565217
2022-07-18 22:54:00,305.89565217391305
2022-07-18 22:55:00,314.5652173913043
2022-07-18 22:56:00,315.6260869565217
2022-07-18 22:57:00,301.9130434782609
2022-07-18 22:58:00,300
2022-07-18 22:59:00,298.74782608695654
2022-07-18 23:00:00,286.6695652173913
2022-07-18 23:01:00,293.0086956521739
2022-07-18 23:02:00,304.04347826086956
2022-07-18 23:03:00,303.5478260869565
2022-07-18 23:04:00,303.8521739130435
2022-07-18 23:05:00,305.1565217391304
2022-07-18 23:06:00,292.0521739130435
2022-07-18 23:07:00,282.8521739130435
2022-07-18 23:08:00,286.02608695652174
2022-07-18 23:09:00,285.4695652173913
2022-07-18 23:10:00,291.59999999999997
2022-07-18 23:11:00,311.0173913043478
2022-07-18 23:12:00,305.78260869565213
2022-07-18 23:13:00,300.40000000000003
2022-07-18 23:14:00,286.17391304347825
2022-07-18 23:15:00,266.8086956521739
2022-07-18 23:16:00,273.7739130434782
2022-07-18 23:17:00,292.88695652173914
2022-07-18 23:18:00,295.9826086956522
2022-07-18 23:19:00,297.3913043478261
2022-07-18 23:20:00,292.46086956521737
2022-07-18 23:21:00,289.59999999999997
2022-07-18 23:22:00,319.5130434782609
2022-07-18 23:23:00,366.64347826086953
2022-07-18 23:24:00,378.8086956521739
2022-07-18 23:25:00,400.5739130434782
2022-07-18 23:26:00,403.095652173913
2022-07-18 23:27:00,375.82608695652175
2022-07-18 23:28:00,351.20000000000005
2022-07-18 23:29:00,362.5826086956522
2022-07-18 23:30:00,365.2695652173913
2022-07-18 23:31:00,351.4695652173913
2022-07-18 23:32:00,322.6086956521739
2022-07-18 23:33:00,291.4
2022-07-18 23:34:00,302.8695652173913
2022-07-18 23:35:00,307.90434782608696
2022-07-18 23:36:00,308.8695652173913
2022-07-18 23:37:00,325.51304347826084
2022-07-18 23:38:00,336.0782608695652
2022-07-18 23:39:00,320.5043478260869
2022-07-18 23:40:00,311.095652173913
2022-07-18 23:41:00,314.89565217391305
2022-07-18 23:42:00,318.9217391304348
2022-07-18 23:43:00,324.73043478260865
2022-07-18 23:44:00,313.44347826086954
2022-07-18 23:45:00,333.5043478260869
2022-07-18 23:46:00,388.0521739130435
2022-07-18 23:47:00,390.44347826086954
2022-07-18 23:48:00,368.8086956521739
2022-07-18 23:49:00,384.64347826086953
2022-07-18 23:50:00,367.38260869565215
2022-07-18 23:51:00,342.79999999999995
2022-07-18 23:52:00,323.00869565217386
2022-07-18 23:53:00,308.0869565217391
2022-07-18 23:54:00,318.3391304347826
2022-07-18 23:55:00,336.74782608695654
2022-07-18 23:56:00,335.67826086956524
2022-07-18 23:57:00,359.2695652173913
2022-07-18 23:58:00,392.60869565217394
2022-07-18 23:59:00,378.66086956521735
2022-07-19 00:00:00,346.7739130434783
2022-07-19 00:01:00,348.4173913043478
2022-07-19 00:02:00,358.4695652173913
2022-07-19 00:03:00,342.9565217391304
2022-07-19 00:04:00,312.0782608695652
2022-07-19 00:05:00,302.03478260869565
2022-07-19 00:06:00,308.30434782608694
2022-07-19 00:07:00,301.695652173913
2022-07-19 00:08:00,309.0782608695652
2022-07-19 00:09:00,360.8086956521739
2022-07-19 00:10:00,393.0608695652174
2022-07-19 00:11:00,353.8608695652174
2022-07-19 00:12:00,343.02608695652174
2022-07-19 00:13:00,353.1913043478261
2022-07-19 00:14:00,336.71304347826083
2022-07-19 00:15:00,309.4434782608696
2022-07-19 00:16:00,302.6434782608696
2022-07-19 00:17:00,302.0956521739131
2022-07-19 00:18:00,300.4173913043478
2022-07-19 00:19:00,305.4260869565218
2022-07-19 00:20:00,291.8782608695652
2022-07-19 00:21:00,322.295652173913
2022-07-19 00:22:00,333.5130434782609
2022-07-19 00:23:00,306.52173913043475
2022-07-19 00:24:00,328.0695652173913
2022-07-19 00:25:00,351.2608695652174
2022-07-19 00:26:00,316.6173913043478
2022-07-19 00:27:00,302.6695652173913
2022-07-19 00:28:00,298.7652173913043
2022-07-19 00:29:00,281.18260869565216
2022-07-19 00:30:00,281.35652173913047
2022-07-19 00:31:00,286.3565217391304
2022-07-19 00:32:00,293.1565217391304
2022-07-19 00:33:00,342.75652173913045
2022-07-19 00:34:00,353.93913043478256
2022-07-19 00:35:00,317.39130434782606
2022-07-19 00:36:00,308.7130434782609
2022-07-19 00:37:00,319.5478260869565
2022-07-19 00:38:00,308.96521739130435
2022-07-19 00:39:00,307.5304347826087
2022-07-19 00:40:00,305.6782608695652
2022-07-19 00:41:00,306.4608695652174
2022-07-19 00:42:00,310.90434782608696
2022-07-19 00:43:00,296.9652173913043
2022-07-19 00:44:00,298.2782608695652
2022-07-19 00:45:00,326.52173913043475
2022-07-19 00:46:00,331.8608695652174
2022-07-19 00:47:00,310.23478260869564
2022-07-19 00:48:00,307.6086956521739
2022-07-19 00:49:00,301.5043478260869
2022-07-19 00:50:00,296.5478260869565
2022-07-19 00:51:00,301.82608695652175
2022-07-19 00:52:00,304.4869565217391
2022-07-19 00:53:00,296.32173913043476
2022-07-19 00:54:00,290.7913043478261
2022-07-19 00:55:00,281.48695652173916
2022-07-19 00:56:00,296.4782608695652
2022-07-19 00:57:00,313.2347826086957
2022-07-19 00:58:00,301.9130434782609
2022-07-19 00:59:00,297.0695652173913
2022-07-19 01:00:00,305.6347826086956
2022-07-19 01:01:00,293.5739130434782
2022-07-19 01:02:00,289.1913043478261
2022-07-19 01:03:00,306.3652173913043
2022-07-19 01:04:00,313.17391304347825
2022-07-19 01:05:00,303.88695652173914
2022-07-19 01:06:00,297.71304347826083
2022-07-19 01:07:00,282.1478260869565
2022-07-19 01:08:00,287.03478260869565
2022-07-19 01:09:00,297.69565217391306
2022-07-19 01:10:00,289.66956521739127
2022-07-19 01:11:00,293.97391304347826
2022-07-19 01:12:00,300.4347826086956
2022-07-19 01:13:00,292.2782608695652
2022-07-19 01:14:00,291.1391304347826
2022-07-19 01:15:00,292.17391304347825
2022-07-19 01:16:00,283.5391304347826
2022-07-19 01:17:00,281.0608695652174
2022-07-19 01:18:00,294.3565217391304
2022-07-19 01:19:00,295.24347826086955
2022-07-19 01:20:00,293.0782608695652
2022-07-19 01:21:00,300.9304347826087
2022-07-19 01:22:00,289.10434782608695
2022-07-19 01:23:00,290.0608695652174
2022-07-19 01:24:00,297.8521739130435
2022-07-19 01:25:00,294.04347826086956
2022-07-19 01:26:00,290.7478260869565
2022-07-19 01:27:00,297.25217391304346
2022-07-19 01:28:00,291.1826086956522
2022-07-19 01:29:00,294.2086956521739
2022-07-19 01:30:00,293.39130434782606
2022-07-19 01:31:00,297.00869565217386
2022-07-19 01:32:00,295.6086956521739
2022-07-19 01:33:00,301.66086956521735
2022-07-19 01:34:00,300.75652173913045
2022-07-19 01:35:00,310.02608695652174
2022-07-19 01:36:00,311.3565217391304
2022-07-19 01:37:00,305.45217391304345
2022-07-19 01:38:00,305.97391304347826
2022-07-19 01:39:00,303.68695652173915
2022-07-19 01:40:00,298.5739130434782
2022-07-19 01:41:00,308.6
2022-07-19 01:42:00,306.3565217391304
2022-07-19 01:43:00,307.3652173913043
2022-07-19 01:44:00,321.6782608695652
2022-07-19 01:45:00,326.88695652173914
2022-07-19 01:46:00,317.32173913043476
2022-07-19 01:47:00,312.71304347826083
2022-07-19 01:48:00,305.2173913043478
2022-07-19 01:49:00,298.25217391304346
2022-07-19 01:50:00,294.0782608695652
2022-07-19 01:51:00,289.7739130434782
2022-07-19 01:52:00,292.7478260869565
2022-07-19 01:53:00,294.6521739130435
2022-07-19 01:54:00,291.45217391304345
2022-07-19 01:55:00,289.4695652173913
2022-07-19 01:56:00,307.9130434782609
2022-07-19 01:57:00,308.88695652173914
2022-07-19 01:58:00,309.73043478260865
2022-07-19 01:59:00,314.8608695652174
2022-07-19 02:00:00,311.10434782608695
2022-07-19 02:01:00,304.6869565217391
2022-07-19 02:02:00,314.2086956521739
2022-07-19 02:03:00,312.1478260869565
2022-07-19 02:04:00,298.6260869565217
2022-07-19 02:05:00,293.9913043478261
2022-07-19 02:06:00,290
2022-07-19 02:07:00,300.4173913043478
2022-07-19 02:08:00,311.9130434782609
2022-07-19 02:09:00,303.8260869565217
2022-07-19 02:10:00,304.3913043478261
2022-07-19 02:11:00,306.2086956521739
2022-07-19 02:12:00,315.1391304347826
2022-07-19 02:13:00,315.5652173913044
2022-07-19 02:14:00,308.0695652173913
2022-07-19 02:15:00,308.9913043478261
2022-07-19 02:16:00,326.66086956521735
2022-07-19 02:17:00,328.9826086956522
2022-07-19 02:18:00,316.59130434782605
2022-07-19 02:19:00,313.6173913043478
2022-07-19 02:20:00,314.3304347826087
2022-07-19 02:21:00,313.2782608695652
2022-07-19 02:22:00,313.25217391304346
2022-07-19 02:23:00,316.66086956521735
2022-07-19 02:24:00,308.75652173913045
2022-07-19 02:25:00,303.5739130434782
2022-07-19 02:26:00,301.5826086956522
2022-07-19 02:27:00,289.66086956521735
2022-07-19 02:28:00,297.6695652173913
2022-07-19 02:29:00,307.52173913043475
2022-07-19 02:30:00,295.4
2022-07-19 02:31:00,310.6260869565217
2022-07-19 02:32:00,327.7739130434783
2022-07-19 02:33:00,318.0260869565217
2022-07-19 02:34:00,312.8086956521739
2022-07-19 02:35:00,304.695652173913
2022-07-19 02:36:00,291.39130434782606
2022-07-19 02:37:00,297.504347826087
2022-07-19 02:38:00,312.7826086956522
2022-07-19 02:39:00,320.6695652173913
2022-07-19 02:40:00,316.04347826086956
2022-07-19 02:41:00,318.1478260869565
2022-07-19 02:42:00,319.8695652173913
2022-07-19 02:43:00,327.23478260869564
2022-07-19 02:44:00,329.64347826086953
2022-07-19 02:45:00,318.9217391304348
2022-07-19 02:46:00,334.8434782608696
2022-07-19 02:47:00,337.0521739130435
2022-07-19 02:48:00,326.4347826086957
2022-07-19 02:49:00,312.16521739130434
2022-07-19 02:50:00,302.1217391304348
2022-07-19 02:51:00,311.24347826086955
2022-07-19 02:52:00,327.8
2022-07-19 02:53:00,320.25217391304346
2022-07-19 02:54:00,311.54782608695655
2022-07-19 02:55:00,320.47826086956525
2022-07-19 02:56:00,326.4695652173913
2022-07-19 02:57:00,323.71304347826083
2022-07-19 02:58:00,322.504347826087
2022-07-19 02:59:00,308.53043478260867
2022-07-19 03:00:00,295.4173913043478
2022-07-19 03:01:00,307.68695652173915
2022-07-19 03:02:00,314.5826086956522
2022-07-19 03:03:00,304.7217391304348
2022-07-19 03:04:00,293.16521739130434
2022-07-19 03:05:00,294.9478260869565
2022-07-19 03:06:00,308.39130434782606
2022-07-19 03:07:00,321.07826086956527
2022-07-19 03:08:00,298.9391304347826
2022-07-19 03:09:00,290.2
2022-07-19 03:10:00,291.51115133725466
2022-07-19 03:11:00,281.45217391304345
2022-07-19 03:12:00,281.24347826086955
2022-07-19 03:13:00,280.4
2022-07-19 03:14:00,281.61739130434785
2022-07-19 03:15:00,283.6695652173913
2022-07-19 03:16:00,276.10434782608695
2022-07-19 03:17:00,261.9565217391304
2022-07-19 03:18:00,274.88695652173914
2022-07-19 03:19:00,292.96521739130435
2022-07-19 03:20:00,286.13043478260875
2022-07-19 03:21:00,288.47826086956525
2022-07-19 03:22:00,293.7913043478261
2022-07-19 03:23:00,284.66086956521735
2022-07-19 03:24:00,280.1478260869565
2022-07-19 03:25:00,279.2782608695652
2022-07-19 03:26:00,278
2022-07-19 03:27:00,279.06086956521744
2022-07-19 03:28:00,272.6173913043478
2022-07-19 03:29:00,266.5826086956522
2022-07-19 03:30:00,267.82608695652175
2022-07-19 03:31:00,300.78260869565213
2022-07-19 03:32:00,325.5826086956522
2022-07-19 03:33:00,353.31304347826085
2022-07-19 03:34:00,370.17391304347825
2022-07-19 03:35:00,342.03478260869565
2022-07-19 03:36:00,333.95652173913044
2022-07-19 03:37:00,336.61739130434785
2022-07-19 03:38:00,314.81739130434784
2022-07-19 03:39:00,299.1913043478261
2022-07-19 03:40:00,291.62608695652176
2022-07-19 03:41:00,284.17391304347825
2022-07-19 03:42:00,293.6782608695652
2022-07-19 03:43:00,298.9391304347826
2022-07-19 03:44:00,290.5217391304348
2022-07-19 03:45:00,299.6347826086956
2022-07-19 03:46:00,313.52173913043475
2022-07-19 03:47:00,301.1826086956522
2022-07-19 03:48:00,303.9304347826087
2022-07-19 03:49:00,304.9913043478261
2022-07-19 03:50:00,297.11304347826086
2022-07-19 03:51:00,298.18260869565216
2022-07-19 03:52:00,290.2608695652174
2022-07-19 03:53:00,294.8608695652174
2022-07-19 03:54:00,311.9391304347826
2022-07-19 03:55:00,319.83478260869566
2022-07-19 03:56:00,308.66956521739127
2022-07-19 03:57:00,301.23478260869564
2022-07-19 03:58:00,298.82608695652175
2022-07-19 03:59:00,298.69565217391306
2022-07-19 04:00:00,298.17391304347825
2022-07-19 04:01:00,288.32173913043476
2022-07-19 04:02:00,281.4608695652174
2022-07-19 04:03:00,282.4347826086956
2022-07-19 04:04:00,280.83478260869566
2022-07-19 04:05:00,285.295652173913
2022-07-19 04:06:00,324.6
2022-07-19 04:07:00,350.09565217391304
2022-07-19 04:08:00,352.2347826086957
2022-07-19 04:09:00,371.6086956521739
2022-07-19 04:10:00,369.2521739130435
2022-07-19 04:11:00,343.38260869565215
2022-07-19 04:12:00,337.32173913043476
2022-07-19 04:13:00,351.3652173913043
2022-07-19 04:14:00,359.191304347826
2022-07-19 04:15:00,365.6782608695652
2022-07-19 04:16:00,364.5043478260869
2022-07-19 04:17:00,371.8434782608696
2022-07-19 04:18:00,380.5478260869565
2022-07-19 04:19:00,376.7391304347826
2022-07-19 04:20:00,390.71304347826083
2022-07-19 04:21:00,398.4434782608696
2022-07-19 04:22:00,388.3739130434783
2022-07-19 04:23:00,357.6086956521739
2022-07-19 04:24:00,339.0173913043478
2022-07-19 04:25:00,323.0608695652174
2022-07-19 04:26:00,324.5565217391304
2022-07-19 04:27:00,333.3478260869565
2022-07-19 04:28:00,349.00869565217386
2022-07-19 04:29:00,429.4608695652174
2022-07-19 04:30:00,478.4608695652174
2022-07-19 04:31:00,430.78260869565213
2022-07-19 04:32:00,367.9565217391305
2022-07-19 04:33:00,319.7478260869565
2022-07-19 04:34:00,307.4956521739131
2022-07-19 04:35:00,305.18260869565216
2022-07-19 04:36:00,309.47826086956525
2022-07-19 04:37:00,311.76521739130436
2022-07-19 04:38:00,328.4260869565218
2022-07-19 04:39:00,334.4260869565218
2022-07-19 04:40:00,339.8695652173913
2022-07-19 04:41:00,359.3478260869565
2022-07-19 04:42:00,357.1304347826087
2022-07-19 04:43:00,341.5652173913044
2022-07-19 04:44:00,351.0521739130435
2022-07-19 04:45:00,353.64347826086953
2022-07-19 04:46:00,371.73043478260865
2022-07-19 04:47:00,349.695652173913
2022-07-19 04:48:00,307.4347826086956
2022-07-19 04:49:00,300.7217391304348
2022-07-19 04:50:00,313.3652173913043
2022-07-19 04:51:00,312.4347826086956
2022-07-19 04:52:00,309.3304347826087
2022-07-19 04:53:00,358.5043478260869
2022-07-19 04:54:00,374.1217391304348
2022-07-19 04:55:00,350.9478260869565
2022-07-19 04:56:00,365.86956521739125
2022-07-19 04:57:00,379.2782608695652
2022-07-19 04:58:00,357.68695652173915
2022-07-19 04:59:00,326.35652173913047
2022-07-19 05:00:00,303.7913043478261
2022-07-19 05:01:00,297.9565217391304
2022-07-19 05:02:00,294.78260869565213
2022-07-19 05:03:00,289.52173913043475
2022-07-19 05:04:00,305.7130434782609
2022-07-19 05:05:00,336.92173913043473
2022-07-19 05:06:00,322.24347826086955
2022-07-19 05:07:00,289.66086956521735
2022-07-19 05:08:00,292.1217391304348
2022-07-19 05:09:00,288.9826086956522
2022-07-19 05:10:00,292.02608695652174
2022-07-19 05:11:00,299.54782608695655
2022-07-19 05:12:00,296.24347826086955
2022-07-19 05:13:00,296.88695652173914
2022-07-19 05:14:00,297.1217391304348
2022-07-19 05:15:00,284.5652173913044
2022-07-19 05:16:00,332.39130434782606
2022-07-19 05:17:00,382.3478260869565
2022-07-19 05:18:00,344.35652173913047
2022-07-19 05:19:00,316.59130434782605
2022-07-19 05:20:00,320.83478260869566
2022-07-19 05:21:00,315.0608695652174
2022-07-19 05:22:00,314.2086956521739
2022-07-19 05:23:00,312.8521739130435
2022-07-19 05:24:00,295.7652173913043
2022-07-19 05:25:00,298.76521739130436
2022-07-19 05:26:00,303.62608695652176
2022-07-19 05:27:00,298.8173913043478
2022-07-19 05:28:00,311.5478260869565
2022-07-19 05:29:00,328
2022-07-19 05:30:00,317.3913043478261
2022-07-19 05:31:00,308.82608695652175
2022-07-19 05:32:00,298.704347826087
2022-07-19 05:33:00,293
2022-07-19 05:34:00,290.17391304347825
2022-07-19 05:35:00,300.1304347826087
2022-07-19 05:36:00,294.8695652173913
2022-07-19 05:37:00,293.3913043478261
2022-07-19 05:38:00,292.5652173913044
2022-07-19 05:39:00,283.695652173913
2022-07-19 05:40:00,297.46086956521737
2022-07-19 05:41:00,321.8434782608696
2022-07-19 05:42:00,325.5043478260869
2022-07-19 05:43:00,313.97391304347826
2022-07-19 05:44:00,297.31304347826085
2022-07-19 05:45:00,295.5391304347826
2022-07-19 05:46:00,301.4347826086956
2022-07-19 05:47:00,307.9130434782609
2022-07-19 05:48:00,315.30434782608694
2022-07-19 05:49:00,322.5304347826087
2022-07-19 05:50:00,312.82608695652175
2022-07-19 05:51:00,294.8086956521739
2022-07-19 05:52:00,290.1652173913043
2022-07-19 05:53:00,285.2260869565217
2022-07-19 05:54:00,279.53043478260867
2022-07-19 05:55:00,284.18260869565216
2022-07-19 05:56:00,280.3478260869565
2022-07-19 05:57:00,273.1913043478261
2022-07-19 05:58:00,270.62608695652176
2022-07-19 05:59:00,273.6347826086957
2022-07-19 06:00:00,283.5043478260869
2022-07-19 06:01:00,282.2608695652174
2022-07-19 06:02:00,271.95652173913044
2022-07-19 06:03:00,275.9826086956522
2022-07-19 06:04:00,283.5304347826087
2022-07-19 06:05:00,276.9304347826087
2022-07-19 06:06:00,277.9391304347826
2022-07-19 06:07:00,287.73043478260865
2022-07-19 06:08:00,282.18260869565216
2022-07-19 06:09:00,278.81739130434784
2022-07-19 06:10:00,287.704347826087
2022-07-19 06:11:00,282.81739130434784
2022-07-19 06:12:00,281.21544018516124
2022-07-19 06:13:00,283.4782608695652
2022-07-19 06:14:00,280.8347826086956
2022-07-19 06:15:00,295.2782608695652
2022-07-19 06:16:00,302.3652173913043
2022-07-19 06:17:00,293.7913043478261
2022-07-19 06:18:00,288.8869565217391
2022-07-19 06:19:00,287.3565217391304
2022-07-19 06:20:00,295.59130434782605
2022-07-19 06:21:00,300.90434782608696
2022-07-19 06:22:00,298.9217391304348
2022-07-19 06:23:00,290.0086956521739
2022-07-19 06:24:00,287.24347826086955
2022-07-19 06:25:00,298.8608695652174
2022-07-19 06:26:00,303.9130434782609
2022-07-19 06:27:00,302.16521739130434
2022-07-19 06:28:00,303.7739130434783
2022-07-19 06:29:00,294.66086956521735
2022-07-19 06:30:00,290.7130434782609
2022-07-19 06:31:00,291.295652173913
2022-07-19 06:32:00,282.5391304347826
2022-07-19 06:33:00,283.4260869565217
2022-07-19 06:34:00,285.4521739130435
2022-07-19 06:35:00,284.8782608695652
2022-07-19 06:36:00,284.89565217391305
2022-07-19 06:37:00,283.7217391304348
2022-07-19 06:38:00,276.82608695652175
2022-07-19 06:39:00,290.6347826086956
2022-07-19 06:40:00,303.8434782608696
2022-07-19 06:41:00,302.8347826086956
2022-07-19 06:42:00,310.7478260869565
2022-07-19 06:43:00,318.8
2022-07-19 06:44:00,310.6347826086956
2022-07-19 06:45:00,314.37391304347824
2022-07-19 06:46:00,322.4086956521739
2022-07-19 06:47:00,307.1478260869565
2022-07-19 06:48:00,291.59130434782605
2022-07-19 06:49:00,287.3478260869565
2022-07-19 06:50:00,282.44347826086954
2022-07-19 06:51:00,299.35652173913047
2022-07-19 06:52:00,304.6608695652174
2022-07-19 06:53:00,300.5043478260869
2022-07-19 06:54:00,304.5043478260869
2022-07-19 06:55:00,296.4695652173913
2022-07-19 06:56:00,294.8434782608696
2022-07-19 06:57:00,298.5826086956522
2022-07-19 06:58:00,314.45217391304345
2022-07-19 06:59:00,324.0869565217391
2022-07-19 07:00:00,320.40869565217395
2022-07-19 07:01:00,302.8173913043478
2022-07-19 07:02:00,294.79999999999995
2022-07-19 07:03:00,298.6782608695652
2022-07-19 07:04:00,302.80000000000007
2022-07-19 07:05:00,303.7304347826087
2022-07-19 07:06:00,309.4
2022-07-19 07:07:00,305.2
2022-07-19 07:08:00,290.5565217391304
2022-07-19 07:09:00,282.5304347826087
2022-07-19 07:10:00,274.9217391304348
2022-07-19 07:11:00,278.99130434782603
2022-07-19 07:12:00,295.59999999999997
2022-07-19 07:13:00,296.88695652173914
2022-07-19 07:14:00,301.3739130434783
2022-07-19 07:15:00,306.5391304347826
2022-07-19 07:16:00,301.1478260869565
2022-07-19 07:17:00,300.9478260869565
2022-07-19 07:18:00,294.33913043478265
2022-07-19 07:19:00,280.2869565217391
2022-07-19 07:20:00,283.5739130434783
2022-07-19 07:21:00,290.1217391304348
2022-07-19 07:22:00,287.11304347826086
2022-07-19 07:23:00,285.2260869565217
2022-07-19 07:24:00,291.40000000000003
2022-07-19 07:25:00,291.6260869565217
2022-07-19 07:26:00,300.75652173913045
2022-07-19 07:27:00,316.9304347826087
2022-07-19 07:28:00,306.3652173913043
2022-07-19 07:29:00,306.3565217391304
2022-07-19 07:30:00,308.8086956521739
2022-07-19 07:31:00,310.0782608695652
2022-07-19 07:32:00,301.37391304347824
2022-07-19 07:33:00,295.0086956521739
2022-07-19 07:34:00,290.7391304347826
2022-07-19 07:35:00,296.88695652173914
2022-07-19 07:36:00,295.0521739130435
2022-07-19 07:37:00,291.2608695652174
2022-07-19 07:38:00,305.6608695652174
2022-07-19 07:39:00,322.7652173913043
2022-07-19 07:40:00,334.2260869565217
2022-07-19 07:41:00,335.95652173913044
2022-07-19 07:42:00,323.21739130434776
2022-07-19 07:43:00,305.04347826086956
2022-07-19 07:44:00,311.8608695652174
2022-07-19 07:45:00,318.59130434782605
2022-07-19 07:46:00,322.52173913043475
2022-07-19 07:47:00,317.52173913043475
2022-07-19 07:48:00,310.0260869565217
2022-07-19 07:49:00,307.31304347826085
2022-07-19 07:50:00,322.3826086956522
2022-07-19 07:51:00,332.79999999999995
2022-07-19 07:52:00,314.45217391304345
2022-07-19 07:53:00,310.4
2022-07-19 07:54:00,303.2260869565217
2022-07-19 07:55:00,287.695652173913
2022-07-19 07:56:00,285.695652173913
2022-07-19 07:57:00,281.4
2022-07-19 07:58:00,280.16521739130434
2022-07-19 07:59:00,281.0782608695652
2022-07-19 08:00:00,275.3826086956522
2022-07-19 08:01:00,270.72173913043474
2022-07-19 08:02:00,285.9130434782609
2022-07-19 08:03:00,296.2608695652174
2022-07-19 08:04:00,294.8086956521739
2022-07-19 08:05:00,304.23478260869564
2022-07-19 08:06:00,304.5652173913044
2022-07-19 08:07:00,298.4
2022-07-19 08:08:00,296.59999999999997
2022-07-19 08:09:00,284.1304347826087
2022-07-19 08:10:00,283.4
2022-07-19 08:11:00,291.2173913043478
2022-07-19 08:12:00,289.7391304347826
2022-07-19 08:13:00,289.5130434782609
2022-07-19 08:14:00,309.6
2022-07-19 08:15:00,332.23478260869564
2022-07-19 08:16:00,340.5652173913043
2022-07-19 08:17:00,355.4695652173913
2022-07-19 08:18:00,356.32173913043476
2022-07-19 08:19:00,348.3217391304348
2022-07-19 08:20:00,345.88695652173914
2022-07-19 08:21:00,330.1391304347826
2022-07-19 08:22:00,312.9217391304348
2022-07-19 08:23:00,309.0173913043478
2022-07-19 08:24:00,291.1913043478261
2022-07-19 08:25:00,299.2869565217391
2022-07-19 08:26:00,310.2260869565217
2022-07-19 08:27:00,299.5739130434782
2022-07-19 08:28:00,296.6347826086957
2022-07-19 08:29:00,297.0695652173913
2022-07-19 08:30:00,286.495652173913
2022-07-19 08:31:00,285.5652173913043
2022-07-19 08:32:00,297.4869565217391
2022-07-19 08:33:00,300.44347826086954
2022-07-19 08:34:00,305.2086956521739
2022-07-19 08:35:00,295.82608695652175
2022-07-19 08:36:00,284.9304347826087
2022-07-19 08:37:00,292.30434782608694
2022-07-19 08:38:00,309.17391304347825
2022-07-19 08:39:00,311.48695652173916
2022-07-19 08:40:00,304.5826086956522
2022-07-19 08:41:00,292.32173913043476
2022-07-19 08:42:00,281.7739130434783
2022-07-19 08:43:00,287.59130434782605
2022-07-19 08:44:00,289.03478260869565
2022-07-19 08:45:00,287.88695652173914
2022-07-19 08:46:00,288.9304347826087
2022-07-19 08:47:00,295.2608695652174
2022-07-19 08:48:00,294.85217391304343
2022-07-19 08:49:00,320.45217391304345
2022-07-19 08:50:00,362.9043478260869
2022-07-19 08:51:00,390.1826086956522
2022-07-19 08:52:00,420.8695652173913
2022-07-19 08:53:00,435.2173913043478
2022-07-19 08:54:00,416.1304347826087
2022-07-19 08:55:00,381.52173913043475
2022-07-19 08:56:00,359.46086956521737
2022-07-19 08:57:00,366.9913043478261
2022-07-19 08:58:00,373.8521739130435
2022-07-19 08:59:00,355.1826086956521
2022-07-19 09:00:00,331.16521739130434
2022-07-19 09:01:00,336.1217391304348
2022-07-19 09:02:00,332.13043478260875
2022-07-19 09:03:00,344.47826086956525
2022-07-19 09:04:00,368.6782608695652
2022-07-19 09:05:00,360.4956521739131
2022-07-19 09:06:00,338.3652173913043
2022-07-19 09:07:00,332.2608695652174
2022-07-19 09:08:00,328.75652173913045
2022-07-19 09:09:00,324.6260869565217
2022-07-19 09:10:00,330.65217391304344
2022-07-19 09:11:00,329.5565217391304
2022-07-19 09:12:00,353.96521739130435
2022-07-19 09:13:00,420.06086956521733
2022-07-19 09:14:00,419.9478260869565
2022-07-19 09:15:00,367.6347826086957
2022-07-19 09:16:00,346.93913043478256
2022-07-19 09:17:00,348.2347826086956
2022-07-19 09:18:00,359.3304347826087
2022-07-19 09:19:00,358.2782608695652
2022-07-19 09:20:00,340.66956521739127
2022-07-19 09:21:00,322.0173913043478
2022-07-19 09:22:00,315.3565217391304
2022-07-19 09:23:00,334.1826086956522
2022-07-19 09:24:00,361.0869565217391
2022-07-19 09:25:00,369.3652173913043
2022-07-19 09:26:00,348.47826086956525
2022-07-19 09:27:00,332.3652173913043
2022-07-19 09:28:00,331.3478260869565
2022-07-19 09:29:00,320.9391304347826
2022-07-19 09:30:00,330.23478260869564
2022-07-19 09:31:00,347.83478260869566
2022-07-19 09:32:00,347.5826086956522
2022-07-19 09:33:00,332.8608695652174
2022-07-19 09:34:00,326.1217391304348
2022-07-19 09:35:00,310.16521739130434
2022-07-19 09:36:00,362.8782608695652
2022-07-19 09:37:00,405.3304347826087
2022-07-19 09:38:00,372.0869565217391
2022-07-19 09:39:00,383.1217391304348
2022-07-19 09:40:00,413.4869565217391
2022-07-19 09:41:00,397.6347826086956
2022-07-19 09:42:00,383.4695652173913
2022-07-19 09:43:00,359.30434782608694
2022-07-19 09:44:00,343.8608695652174
2022-07-19 09:45:00,362
2022-07-19 09:46:00,360.5043478260869
2022-07-19 09:47:00,346.1826086956522
2022-07-19 09:48:00,362.1304347826087
2022-07-19 09:49:00,366.35652173913036
2022-07-19 09:50:00,351.93913043478256
2022-07-19 09:51:00,354.7391304347826
2022-07-19 09:52:00,353.0608695652174
2022-07-19 09:53:00,338.66956521739127
2022-07-19 09:54:00,334.10434782608695
2022-07-19 09:55:00,328.495652173913
2022-07-19 09:56:00,309.5652173913044
2022-07-19 09:57:00,304.54782608695655
2022-07-19 09:58:00,300.97391304347826
2022-07-19 09:59:00,305.45217391304345
2022-07-19 10:00:00,351.74782608695654
2022-07-19 10:01:00,358.28695652173917
2022-07-19 10:02:00,325.5043478260869
2022-07-19 10:03:00,314.33913043478265
2022-07-19 10:04:00,307.24347826086955
2022-07-19 10:05:00,310.8608695652174
2022-07-19 10:06:00,315.8521739130435
2022-07-19 10:07:00,300.9043478260869
2022-07-19 10:08:00,293.304347826087
2022-07-19 10:09:00,299.96521739130435
2022-07-19 10:10:00,292.9913043478261
2022-07-19 10:11:00,297.1217391304348
2022-07-19 10:12:00,318.8782608695652
2022-07-19 10:13:00,308.30434782608694
2022-07-19 10:14:00,287.59130434782605
2022-07-19 10:15:00,281.0086956521739
2022-07-19 10:16:00,272.99130434782603
2022-07-19 10:17:00,264.4086956521739
2022-07-19 10:18:00,271.23478260869564
2022-07-19 10:19:00,279.5739130434783
2022-07-19 10:20:00,286.30434782608694
2022-07-19 10:21:00,289.1391304347826
2022-07-19 10:22:00,280.74782608695654
2022-07-19 10:23:00,283
2022-07-19 10:24:00,288.5043478260869
2022-07-19 10:25:00,273.95652173913044
2022-07-19 10:26:00,267.7304347826087
2022-07-19 10:27:00,276.4260869565217
2022-07-19 10:28:00,275.25217391304346
2022-07-19 10:29:00,274.45217391304345
2022-07-19 10:30:00,275.4260869565217
2022-07-19 10:31:00,275.0173913043478
2022-07-19 10:32:00,280.704347826087
2022-07-19 10:33:00,281.4260869565218
2022-07-19 10:34:00,278.5739130434783
2022-07-19 10:35:00,296.5217391304348
2022-07-19 10:36:00,314.4695652173913
2022-07-19 10:37:00,293.9565217391304
2022-07-19 10:38:00,295.30434782608694
2022-07-19 10:39:00,294.4521739130435
2022-07-19 10:40:00,283.4260869565217
2022-07-19 10:41:00,278.2173913043478
2022-07-19 10:42:00,285.2695652173913
2022-07-19 10:43:00,274.4086956521739
2022-07-19 10:44:00,268.69565217391306
2022-07-19 10:45:00,270.495652173913
2022-07-19 10:46:00,269.5739130434782
2022-07-19 10:47:00,287.7739130434783
2022-07-19 10:48:00,300.4173913043478
2022-07-19 10:49:00,285.7826086956522
2022-07-19 10:50:00,286.5826086956522
2022-07-19 10:51:00,292.59130434782605
2022-07-19 10:52:00,289.23478260869564
2022-07-19 10:53:00,288.5043478260869
2022-07-19 10:54:00,293.3652173913043
2022-07-19 10:55:00,286.6434782608696
2022-07-19 10:56:00,284.66086956521735
2022-07-19 10:57:00,283.9826086956522
2022-07-19 10:58:00,285.7652173913043
2022-07-19 10:59:00,305.2608695652174
2022-07-19 11:00:00,304.8173913043478
2022-07-19 11:01:00,295.74782608695654
2022-07-19 11:02:00,303.5391304347826
2022-07-19 11:03:00,308.6086956521739
2022-07-19 11:04:00,305.6173913043478
2022-07-19 11:05:00,297.1217391304348
2022-07-19 11:06:00,290.96521739130435
2022-07-19 11:07:00,290.0608695652174
2022-07-19 11:08:00,293.5652173913043
2022-07-19 11:09:00,294.5913043478261
2022-07-19 11:10:00,295.86086956521734
2022-07-19 11:11:00,309.1217391304348
2022-07-19 11:12:00,310.95652173913044
2022-07-19 11:13:00,304.9130434782609
2022-07-19 11:14:00,303.1217391304348
2022-07-19 11:15:00,300.9913043478261
2022-07-19 11:16:00,296.02608695652174
2022-07-19 11:17:00,298.5826086956522
2022-07-19 11:18:00,291.53043478260867
2022-07-19 11:19:00,286.4434782608696
2022-07-19 11:20:00,287.2869565217391
2022-07-19 11:21:00,280.1391304347826
2022-07-19 11:22:00,273.4260869565217
2022-07-19 11:23:00,293.2
2022-07-19 11:24:00,293.1652173913044
2022-07-19 11:25:00,289.9391304347826
2022-07-19 11:26:00,295.16521739130434
2022-07-19 11:27:00,293.1391304347826
2022-07-19 11:28:00,282.46086956521737
2022-07-19 11:29:00,286.02608695652174
2022-07-19 11:30:00,281.0173913043478
2022-07-19 11:31:00,271.90434782608696
2022-07-19 11:32:00,270.10434782608695
2022-07-19 11:33:00,271.16521739130434
2022-07-19 11:34:00,280.5130434782609
2022-07-19 11:35:00,292.5565217391304
2022-07-19 11:36:00,283.64347826086953
2022-07-19 11:37:00,278.2086956521739
2022-07-19 11:38:00,277.09565217391304
2022-07-19 11:39:00,276.4173913043478
2022-07-19 11:40:00,276.79999999999995
2022-07-19 11:41:00,275.67826086956524
2022-07-19 11:42:00,288.76521739130436
2022-07-19 11:43:00,300.8
2022-07-19 11:44:00,283.88695652173914
2022-07-19 11:45:00,277.6086956521739
2022-07-19 11:46:00,279.3304347826087
2022-07-19 11:47:00,273.11304347826086
2022-07-19 11:48:00,270.2260869565217
2022-07-19 11:49:00,272.03478260869565
2022-07-19 11:50:00,273.2869565217391
2022-07-19 11:51:00,279.82608695652175
2022-07-19 11:52:00,277.64347826086953
2022-07-19 11:53:00,265.67826086956524
2022-07-19 11:54:00,268.92173913043473
2022-07-19 11:55:00,279.02608695652174
2022-07-19 11:56:00,277.2173913043478
2022-07-19 11:57:00,280.1913043478261
2022-07-19 11:58:00,287
2022-07-19 11:59:00,274.5478260869565
2022-07-19 12:00:00,284.7217391304348
2022-07-19 12:01:00,322.93913043478256
2022-07-19 12:02:00,355.71304347826083
2022-07-19 12:03:00,371.17391304347825
2022-07-19 12:04:00,390.295652173913
2022-07-19 12:05:00,406.64347826086964
2022-07-19 12:06:00,428.8782608695652
2022-07-19 12:07:00,445.2869565217391
2022-07-19 12:08:00,454.9043478260869
2022-07-19 12:09:00,471.5043478260869
2022-07-19 12:10:00,485.1217391304348
2022-07-19 12:11:00,470.08695652173907
2022-07-19 12:12:00,480.47826086956525
2022-07-19 12:13:00,497.6260869565217
2022-07-19 12:14:00,508.2608695652174
2022-07-19 12:15:00,508.7913043478261
2022-07-19 12:16:00,460.26956521739135
2022-07-19 12:17:00,352.4
2022-07-19 12:18:00,282.55652173913046
2022-07-19 12:19:00,271.0869565217391
2022-07-19 12:20:00,277.4173913043478
2022-07-19 12:21:00,299.8086956521739
2022-07-19 12:22:00,306.51304347826084
2022-07-19 12:23:00,306.1304347826087
2022-07-19 12:24:00,323.18260869565216
2022-07-19 12:25:00,316.8173913043478
2022-07-19 12:26:00,297.66086956521735
2022-07-19 12:27:00,287.4434782608696
2022-07-19 12:28:00,276.37391304347824
2022-07-19 12:29:00,279.31304347826085
2022-07-19 12:30:00,282.59999999999997
2022-07-19 12:31:00,284.54782608695655
2022-07-19 12:32:00,282.6695652173913
2022-07-19 12:33:00,300.23478260869564
2022-07-19 12:34:00,297.3304347826087
2022-07-19 12:35:00,290.5652173913044
2022-07-19 12:36:00,288.97391304347826
2022-07-19 12:37:00,291.0521739130435
2022-07-19 12:38:00,292.3304347826087
2022-07-19 12:39:00,288.3478260869565
2022-07-19 12:40:00,283.4608695652174
2022-07-19 12:41:00,294
2022-07-19 12:42:00,298.97391304347826
2022-07-19 12:43:00,286.5304347826087
2022-07-19 12:44:00,296.52173913043475
2022-07-19 12:45:00,305.2173913043478
2022-07-19 12:46:00,291.8434782608696
2022-07-19 12:47:00,287.1217391304348
2022-07-19 12:48:00,280.4347826086956
2022-07-19 12:49:00,271.4173913043478
2022-07-19 12:50:00,275.7217391304348
2022-07-19 12:51:00,280.39130434782606
2022-07-19 12:52:00,276.81739130434784
2022-07-19 12:53:00,275.83478260869566
2022-07-19 12:54:00,272.8347826086956
2022-07-19 12:55:00,278.8173913043478
2022-07-19 12:56:00,320.4260869565217
2022-07-19 12:57:00,352.64347826086953
2022-07-19 12:58:00,357.8521739130435
2022-07-19 12:59:00,361.1478260869565
2022-07-19 13:00:00,345.53913043478263
2022-07-19 13:01:00,325.7304347826087
2022-07-19 13:02:00,343.11304347826086
2022-07-19 13:03:00,337.97391304347826
2022-07-19 13:04:00,317.2260869565217
2022-07-19 13:05:00,310.52173913043475
2022-07-19 13:06:00,299.7130434782609
2022-07-19 13:07:00,298.5391304347826
2022-07-19 13:08:00,314.2
2022-07-19 13:09:00,312.6869565217391
2022-07-19 13:10:00,306.11304347826086
2022-07-19 13:11:00,311.5043478260869
2022-07-19 13:12:00,307.5826086956522
2022-07-19 13:13:00,303.7739130434783
2022-07-19 13:14:00,314.1565217391304
2022-07-19 13:15:00,315.8608695652174
2022-07-19 13:16:00,299.7652173913043